{
  "name": "scene4",
  "maxRecursionLevel": 6,
  "antiAliasingFactor": 3,
  "renderRefarctions": true,
  "renderReflections": true,
  "camera": {
    "x": 0.0,
    "y": 0.0,
    "z": 1.0
  },
  "ambient": {
    "x": 0.2,
    "y": 0.1,
    "z": 0.0
  },
  "backgroundColor": {
    "x": 0.0,
    "y": 0.5,
    "z": 1.0
  },
  "lightSources": [
    {
      "CLASSNAME": "edu.cg.scene.lightSources.Spotlight",
      "DATA": {
        "direction": {
          "x": 0.0,
          "y": 0.5,
          "z": -1.0
        },
        "angle": 0.8,
        "position": {
          "x": 0.0,
          "y": 0.0,
          "z": 0.0
        },
        "kq": 0.01,
        "kl": 0.1,
        "kc": 1.0,
        "intensity": {
          "x": 0.3,
          "y": 0.9,
          "z": 0.2
        }
      }
    },
    {
      "CLASSNAME": "edu.cg.scene.lightSources.Spotlight",
      "DATA": {
        "direction": {
          "x": 0.5,
          "y": 0.0,
          "z": -1.0
        },
        "angle": 0.9,
        "position": {
          "x": 0.0,
          "y": 0.0,
          "z": 0.0
        },
        "kq": 0.01,
        "kl": 0.1,
        "kc": 1.0,
        "intensity": {
          "x": 0.9,
          "y": 0.5,
          "z": 0.5
        }
      }
    },
    {
      "CLASSNAME": "edu.cg.scene.lightSources.Spotlight",
      "DATA": {
        "direction": {
          "x": -0.4,
          "y": -0.3,
          "z": -1.0
        },
        "angle": 0.7,
        "position": {
          "x": -0.2,
          "y": 0.0,
          "z": 0.0
        },
        "kq": 0.01,
        "kl": 0.1,
        "kc": 1.0,
        "intensity": {
          "x": 0.3,
          "y": 0.5,
          "z": 0.9
        }
      }
    }
  ],
  "surfaces": [
    {
      "shape": {
        "CLASSNAME": "edu.cg.scene.objects.Plain",
        "DATA": {
          "a": 1.0,
          "b": 0.0,
          "c": -0.1,
          "d": -3.0
        }
      },
      "material": {
        "Ka": {
          "x": 1.0,
          "y": 1.0,
          "z": 1.0
        },
        "Kd1": {
          "x": 0.6,
          "y": 0.0,
          "z": 0.8
        },
        "Kd2": {
          "x": 0.3,
          "y": 0.0,
          "z": 0.4
        },
        "isCheckerBoard": true,
        "Ks": {
          "x": 0.7,
          "y": 0.7,
          "z": 0.7
        },
        "reflectionIntensity": 0.3,
        "shininess": 20,
        "isTransparent": false,
        "Kt": {
          "x": 1.0,
          "y": 1.0,
          "z": 1.0
        },
        "refractionIntensity": 0.0,
        "refractionIndex": 1.5
      }
    },
    {
      "shape": {
        "CLASSNAME": "edu.cg.scene.objects.Plain",
        "DATA": {
          "a": 0.0,
          "b": 0.0,
          "c": -1.0,
          "d": -3.5
        }
      },
      "material": {
        "Ka": {
          "x": 1.0,
          "y": 1.0,
          "z": 1.0
        },
        "Kd1": {
          "x": 0.7,
          "y": 0.7,
          "z": 0.0
        },
        "Kd2": {
          "x": 0.35,
          "y": 0.35,
          "z": 0.0
        },
        "isCheckerBoard": true,
        "Ks": {
          "x": 0.7,
          "y": 0.7,
          "z": 0.7
        },
        "reflectionIntensity": 0.3,
        "shininess": 10,
        "isTransparent": false,
        "Kt": {
          "x": 1.0,
          "y": 1.0,
          "z": 1.0
        },
        "refractionIntensity": 0.0,
        "refractionIndex": 1.5
      }
    },
    {
      "shape": {
        "CLASSNAME": "edu.cg.scene.objects.Plain",
        "DATA": {
          "a": -1.0,
          "b": 0.0,
          "c": -0.1,
          "d": -3.0
        }
      },
      "material": {
        "Ka": {
          "x": 1.0,
          "y": 1.0,
          "z": 1.0
        },
        "Kd1": {
          "x": 0.0,
          "y": 0.9,
          "z": 0.5
        },
        "Kd2": {
          "x": 0.0,
          "y": 0.45,
          "z": 0.25
        },
        "isCheckerBoard": true,
        "Ks": {
          "x": 0.7,
          "y": 0.7,
          "z": 0.7
        },
        "reflectionIntensity": 0.3,
        "shininess": 15,
        "isTransparent": false,
        "Kt": {
          "x": 1.0,
          "y": 1.0,
          "z": 1.0
        },
        "refractionIntensity": 0.0,
        "refractionIndex": 1.5
      }
    },
    {
      "shape": {
        "CLASSNAME": "edu.cg.scene.objects.Plain",
        "DATA": {
          "a": 0.0,
          "b": 1.0,
          "c": -0.1,
          "d": -3.0
        }
      },
      "material": {
        "Ka": {
          "x": 1.0,
          "y": 1.0,
          "z": 1.0
        },
        "Kd1": {
          "x": 0.0,
          "y": 0.8,
          "z": 0.8
        },
        "Kd2": {
          "x": 0.0,
          "y": 0.4,
          "z": 0.4
        },
        "isCheckerBoard": true,
        "Ks": {
          "x": 0.7,
          "y": 0.7,
          "z": 0.7
        },
        "reflectionIntensity": 0.3,
        "shininess": 10,
        "isTransparent": false,
        "Kt": {
          "x": 1.0,
          "y": 1.0,
          "z": 1.0
        },
        "refractionIntensity": 0.0,
        "refractionIndex": 1.5
      }
    },
    {
      "shape": {
        "CLASSNAME": "edu.cg.scene.objects.Plain",
        "DATA": {
          "a": 0.0,
          "b": -1.0,
          "c": -0.1,
          "d": -3.0
        }
      },
      "material": {
        "Ka": {
          "x": 1.0,
          "y": 1.0,
          "z": 1.0
        },
        "Kd1": {
          "x": 0.9,
          "y": 0.0,
          "z": 0.1
        },
        "Kd2": {
          "x": 0.45,
          "y": 0.0,
          "z": 0.05
        },
        "isCheckerBoard": true,
        "Ks": {
          "x": 0.7,
          "y": 0.7,
          "z": 0.7
        },
        "reflectionIntensity": 0.3,
        "shininess": 15,
        "isTransparent": false,
        "Kt": {
          "x": 1.0,
          "y": 1.0,
          "z": 1.0
        },
        "refractionIntensity": 0.0,
        "refractionIndex": 1.5
      }
    }
  ]
}