{
  "name": "scene3",
  "maxRecursionLevel": 6,
  "antiAliasingFactor": 3,
  "renderRefarctions": true,
  "renderReflections": true,
  "camera": {
    "x": 0.0,
    "y": 0.0,
    "z": 4.0
  },
  "ambient": {
    "x": 0.1,
    "y": 0.2,
    "z": 0.3
  },
  "backgroundColor": {
    "x": 0.0,
    "y": 0.5,
    "z": 1.0
  },
  "lightSources": [
    {
      "CLASSNAME": "edu.cg.scene.lightSources.DirectionalLight",
      "DATA": {
        "direction": {
          "x": 0.0,
          "y": 0.5,
          "z": -1.0
        },
        "intensity": {
          "x": 0.7,
          "y": 0.5,
          "z": 0.0
        }
      }
    },
    {
      "CLASSNAME": "edu.cg.scene.lightSources.Spotlight",
      "DATA": {
        "direction": {
          "x": 0.5,
          "y": 0.0,
          "z": -1.0
        },
        "angle": 0.6,
        "position": {
          "x": 2.0,
          "y": 1.0,
          "z": 3.0
        },
        "kq": 0.01,
        "kl": 0.1,
        "kc": 1.0,
        "intensity": {
          "x": 0.2,
          "y": 0.5,
          "z": 0.7
        }
      }
    }
  ],
  "surfaces": [
    {
      "shape": {
        "CLASSNAME": "edu.cg.scene.objects.Plain",
        "DATA": {
          "a": 0.0,
          "b": -0.5,
          "c": -1.0,
          "d": -3.5
        }
      },
      "material": {
        "Ka": {
          "x": 1.0,
          "y": 1.0,
          "z": 1.0
        },
        "Kd1": {
          "x": 0.0,
          "y": 1.0,
          "z": 1.0
        },
        "Kd2": {
          "x": 0.0,
          "y": 0.5,
          "z": 0.5
        },
        "isCheckerBoard": true,
        "Ks": {
          "x": 0.7,
          "y": 0.7,
          "z": 0.7
        },
        "reflectionIntensity": 0.3,
        "shininess": 10,
        "isTransparent": false,
        "Kt": {
          "x": 1.0,
          "y": 1.0,
          "z": 1.0
        },
        "refractionIntensity": 0.0,
        "refractionIndex": 1.5
      }
    },
    {
      "shape": {
        "CLASSNAME": "edu.cg.scene.objects.Sphere",
        "DATA": {
          "center": {
            "x": -0.7,
            "y": -0.7,
            "z": -2.0
          },
          "radius": 0.5
        }
      },
      "material": {
        "Ka": {
          "x": 1.0,
          "y": 1.0,
          "z": 1.0
        },
        "Kd1": {
          "x": 1.0,
          "y": 0.0,
          "z": 0.0
        },
        "Kd2": {
          "x": 0.0,
          "y": 0.0,
          "z": 0.0
        },
        "isCheckerBoard": false,
        "Ks": {
          "x": 0.7,
          "y": 0.7,
          "z": 0.7
        },
        "reflectionIntensity": 0.95,
        "shininess": 10,
        "isTransparent": false,
        "Kt": {
          "x": 1.0,
          "y": 1.0,
          "z": 1.0
        },
        "refractionIntensity": 0.0,
        "refractionIndex": 1.5
      }
    },
    {
      "shape": {
        "CLASSNAME": "edu.cg.scene.objects.Sphere",
        "DATA": {
          "center": {
            "x": 0.6,
            "y": -0.5,
            "z": -1.0
          },
          "radius": 0.5
        }
      },
      "material": {
        "Ka": {
          "x": 1.0,
          "y": 1.0,
          "z": 1.0
        },
        "Kd1": {
          "x": 0.6,
          "y": 0.0,
          "z": 0.8
        },
        "Kd2": {
          "x": 0.0,
          "y": 0.0,
          "z": 0.0
        },
        "isCheckerBoard": false,
        "Ks": {
          "x": 1.0,
          "y": 1.0,
          "z": 1.0
        },
        "reflectionIntensity": 0.005,
        "shininess": 10,
        "isTransparent": true,
        "Kt": {
          "x": 1.0,
          "y": 1.0,
          "z": 1.0
        },
        "refractionIntensity": 0.945,
        "refractionIndex": 1.5
      }
    }
  ]
}